size,sequential,parallel,speedup
10000,0.012067,0.016811,0.72
50000,0.067772,0.066367,1.02
100000,0.15494,0.134943,1.15
250000,0.415851,0.349898,1.19
500000,0.913492,0.738406,1.24
1000000,2.026701,1.52009,1.33
2000000,4.398497,3.184909,1.38
